#YY,MM,DD,hh,mm,WDIR,WSPD,GST,WVHT,DPD,APD,MWD,PRES,ATMP,WTMP,DEWP,VIS,PTDY,TIDE
#yr,mo,dy,hr,mn,degT,m/s,m/s,m,sec,sec,deg,T   hPa,degC,degC,degC,nmi,hPa,ft
2017,4,23,21,40,10,3,3,0.1,MM,2.6,MM,1018.6,9.2,7.9,5.3,MM,MM,MM
2017,4,23,21,30,10,3,4,MM,MM,MM,MM,1018.4,9.1,7.6,5.7,MM,MM,MM
2017,4,23,21,20,360,4,4,MM,MM,MM,MM,1018.2,9,7.8,6,MM,MM,MM
2017,4,23,21,10,360,4,5,MM,MM,MM,MM,1018.3,8.9,7.8,6.4,MM,MM,MM
2017,4,23,21,0,360,4,5,MM,MM,MM,MM,1018.4,8.9,7.8,6.7,MM,-1.5,MM
2017,4,23,20,50,360,4,5,0.1,MM,2.6,MM,1018.7,8.8,7.8,6.6,MM,MM,MM
2017,4,23,20,40,360,4,5,MM,MM,MM,MM,1018.7,8.7,7.9,6.3,MM,MM,MM
2017,4,23,20,30,350,4,4,MM,MM,MM,MM,1018.7,8.6,7.9,5.9,MM,MM,MM
2017,4,23,20,20,360,3,4,MM,MM,MM,MM,1018.9,8.5,7.8,6.1,MM,MM,MM
2017,4,23,20,10,360,2,3,MM,MM,MM,MM,1018.9,8.3,7.7,6.1,MM,MM,MM
2017,4,23,20,0,360,3,3,MM,MM,MM,MM,1018.8,8.3,7.7,6,MM,-1.6,MM
2017,4,23,19,50,350,3,3,0.1,MM,2.6,MM,1019.1,8.2,7.7,5.8,MM,MM,MM
2017,4,23,19,40,10,2,3,MM,MM,MM,MM,1019.1,8.2,7.7,5.7,MM,MM,MM
2017,4,23,19,30,10,3,4,MM,MM,MM,MM,1019.1,8.1,7.7,5.7,MM,MM,MM
2017,4,23,19,20,360,4,4,MM,MM,MM,MM,1019.3,8,7.6,5.7,MM,MM,MM
2017,4,23,19,10,10,3,4,MM,MM,MM,MM,1019.4,7.9,7.7,5.6,MM,MM,MM
2017,4,23,19,0,10,3,4,MM,MM,MM,MM,1019.6,7.9,7.6,5.5,MM,-1.3,MM
2017,4,23,18,50,10,3,4,0.1,MM,2.8,MM,1019.7,7.8,7.7,5.3,MM,MM,MM
2017,4,23,18,40,10,3,4,MM,MM,MM,MM,1019.8,7.7,7.5,5.2,MM,MM,MM
2017,4,23,18,30,30,2,3,MM,MM,MM,MM,1019.8,7.6,7.5,5,MM,MM,MM
2017,4,23,18,20,50,2,2,MM,MM,MM,MM,1019.8,7.6,7.4,4.9,MM,MM,MM
2017,4,23,18,10,50,2,2,MM,MM,MM,MM,1019.9,7.5,7.4,4.8,MM,MM,MM
2017,4,23,18,0,50,2,3,MM,MM,MM,MM,1019.9,7.4,7.4,4.6,MM,-0.9,MM
2017,4,23,17,50,50,2,3,0.1,MM,2.8,MM,1019.9,7.4,7.3,4.6,MM,MM,MM
2017,4,23,17,40,50,2,3,MM,MM,MM,MM,1020,7.4,7.3,4.7,MM,MM,MM
2017,4,23,17,30,50,2,3,MM,MM,MM,MM,1020.2,7.3,7.4,4.5,MM,MM,MM
2017,4,23,17,20,40,2,3,MM,MM,MM,MM,1020.4,7.3,7.3,4.5,MM,MM,MM
2017,4,23,17,10,40,3,3,MM,MM,MM,MM,1020.4,7.3,7.3,4.4,MM,MM,MM
2017,4,23,17,0,20,3,4,MM,MM,MM,MM,1020.4,7.2,7.2,4.3,MM,-0.7,MM
2017,4,23,16,50,10,4,5,0.1,MM,2.9,MM,1020.5,7.2,7.3,4.3,MM,MM,MM
2017,4,23,16,40,10,4,4,MM,MM,MM,MM,1020.6,7.2,7.2,4.3,MM,MM,MM
2017,4,23,16,30,10,4,4,MM,MM,MM,MM,1020.7,7.1,7.2,4.2,MM,MM,MM
2017,4,23,16,20,10,4,5,MM,MM,MM,MM,1020.8,7.1,7.1,4.4,MM,MM,MM
2017,4,23,16,10,20,4,4,MM,MM,MM,MM,1020.8,7,7.1,4.2,MM,MM,MM
2017,4,23,16,0,20,3,4,MM,MM,MM,MM,1020.8,6.9,7.2,4.3,MM,-0.9,MM
2017,4,23,15,50,10,4,4,0.1,MM,2.6,MM,1021,6.8,7.2,4.2,MM,MM,MM
2017,4,23,15,40,10,4,4,MM,MM,MM,MM,1021.1,6.7,7.1,4,MM,MM,MM
2017,4,23,15,30,20,3,4,MM,MM,MM,MM,1021,6.7,7.1,3.9,MM,MM,MM
2017,4,23,15,20,40,2,3,MM,MM,MM,MM,1020.9,6.7,7,3.8,MM,MM,MM
2017,4,23,15,10,50,2,2,MM,MM,MM,MM,1020.7,6.7,7,3.8,MM,MM,MM
2017,4,23,15,0,60,2,2,MM,MM,MM,MM,1020.9,6.7,7,3.8,MM,-0.7,MM
2017,4,23,14,50,60,2,3,0.1,MM,2.8,MM,1021,6.7,6.9,3.9,MM,MM,MM
2017,4,23,14,40,60,2,3,MM,MM,MM,MM,1020.9,6.7,6.9,3.9,MM,MM,MM
2017,4,23,14,30,50,2,3,MM,MM,MM,MM,1021,6.7,6.9,4,MM,MM,MM
2017,4,23,14,20,40,3,3,MM,MM,MM,MM,1021,6.7,6.9,4.1,MM,MM,MM
2017,4,23,14,10,40,2,3,MM,MM,MM,MM,1021.1,6.7,6.9,4.2,MM,MM,MM
2017,4,23,14,0,40,2,3,MM,MM,MM,MM,1021.1,6.7,6.9,4.2,MM,0.3,MM
2017,4,23,13,50,30,2,3,0.1,MM,2.6,MM,1021.4,6.7,6.8,4.3,MM,MM,MM
2017,4,23,13,40,20,2,3,MM,MM,MM,MM,1021.4,6.7,6.8,4.5,MM,MM,MM
2017,4,23,13,30,20,2,3,MM,MM,MM,MM,1021.5,6.7,6.8,4.7,MM,MM,MM
2017,4,23,13,20,10,2,3,MM,MM,MM,MM,1021.7,6.7,6.8,4.9,MM,MM,MM
2017,4,23,13,10,10,3,3,MM,MM,MM,MM,1021.7,6.8,6.8,5.1,MM,MM,MM
2017,4,23,13,0,10,3,4,MM,MM,MM,MM,1021.8,6.8,6.8,4.9,MM,1.7,MM
2017,4,23,12,50,360,3,4,0.1,MM,2.5,MM,1021.8,6.9,6.8,4.8,MM,MM,MM
2017,4,23,12,40,10,3,3,MM,MM,MM,MM,1021.8,6.9,6.8,4.3,MM,MM,MM
2017,4,23,12,30,10,3,3,MM,MM,MM,MM,1021.5,6.9,6.8,4.2,MM,MM,MM
2017,4,23,12,20,360,3,4,MM,MM,MM,MM,1021.7,6.8,6.7,4.1,MM,MM,MM
2017,4,23,12,10,360,3,4,MM,MM,MM,MM,1021.7,6.7,6.7,4.2,MM,MM,MM
2017,4,23,12,0,360,3,3,MM,MM,MM,MM,1021.6,6.7,6.7,4.2,MM,1.8,MM
2017,4,23,11,50,360,2,3,0.1,MM,2.6,MM,1021.4,6.7,6.7,4,MM,MM,MM
2017,4,23,11,40,350,3,4,MM,MM,MM,MM,1021.3,6.5,6.7,4.3,MM,MM,MM
2017,4,23,11,30,340,2,3,MM,MM,MM,MM,1021.3,6.4,6.7,4.6,MM,MM,MM
2017,4,23,11,20,350,2,2,MM,MM,MM,MM,1021.2,6.4,6.7,4.8,MM,MM,MM
2017,4,23,11,10,340,2,2,MM,MM,MM,MM,1021,6.5,6.7,4.7,MM,MM,MM
2017,4,23,11,0,10,1,1,MM,MM,MM,MM,1020.9,6.4,6.7,4.4,MM,0.8,MM
2017,4,23,10,50,MM,0,1,0.1,MM,2.5,MM,1020.7,6.3,6.7,4.5,MM,MM,MM
2017,4,23,10,40,MM,0,1,MM,MM,MM,MM,1020.6,6.4,6.7,4.4,MM,MM,MM
2017,4,23,10,30,100,1,1,MM,MM,MM,MM,1020.5,6.5,6.7,4.3,MM,MM,MM
2017,4,23,10,20,100,1,1,MM,MM,MM,MM,1020.3,6.6,6.7,4.3,MM,MM,MM
2017,4,23,10,10,120,2,3,MM,MM,MM,MM,1020.2,6.6,6.7,4.1,MM,MM,MM
2017,4,23,10,0,120,3,3,MM,MM,MM,MM,1020,6.6,6.7,3.8,MM,-0.4,MM
2017,4,23,9,50,120,3,3,0.1,MM,2.4,MM,1019.8,6.6,6.7,3.4,MM,MM,MM
2017,4,23,9,40,120,3,3,MM,MM,MM,MM,1019.8,6.6,6.7,3.6,MM,MM,MM
2017,4,23,9,30,120,2,3,MM,MM,MM,MM,1019.7,6.5,6.7,3.6,MM,MM,MM
2017,4,23,9,20,120,2,2,MM,MM,MM,MM,1019.8,6.5,6.7,3.7,MM,MM,MM
2017,4,23,9,10,120,2,2,MM,MM,MM,MM,1019.8,6.5,6.7,3.8,MM,MM,MM
2017,4,23,9,0,120,2,2,MM,MM,MM,MM,1019.7,6.5,6.7,3.5,MM,-1.2,MM
2017,4,23,8,50,110,2,3,0.1,MM,2.4,MM,1019.7,6.5,6.7,3.4,MM,MM,MM
2017,4,23,8,40,100,2,3,MM,MM,MM,MM,1019.7,6.5,6.7,3.4,MM,MM,MM
2017,4,23,8,30,100,2,3,MM,MM,MM,MM,1019.8,6.5,6.8,3.3,MM,MM,MM
2017,4,23,8,20,100,2,3,MM,MM,MM,MM,1019.8,6.4,6.8,3.3,MM,MM,MM
2017,4,23,8,10,90,2,2,MM,MM,MM,MM,1019.9,6.4,6.7,3.4,MM,MM,MM
2017,4,23,8,0,90,2,3,MM,MM,MM,MM,1020,6.4,6.8,3.5,MM,-1.1,MM
2017,4,23,7,50,90,2,3,0.1,MM,2.4,MM,1020,6.5,6.8,3.4,MM,MM,MM
2017,4,23,7,40,90,3,3,MM,MM,MM,MM,1020,6.5,6.8,3.3,MM,MM,MM
2017,4,23,7,30,100,2,3,MM,MM,MM,MM,1020.1,6.5,6.8,3.4,MM,MM,MM
2017,4,23,7,20,80,2,3,MM,MM,MM,MM,1020.2,6.6,6.8,3.4,MM,MM,MM
2017,4,23,7,10,MM,MM,MM,MM,MM,MM,MM,MM,MM,6.8,MM,MM,MM,MM
2017,4,23,7,0,70,3,3,MM,MM,MM,MM,1020.4,6.8,MM,3.3,MM,-0.6,MM
2017,4,23,6,50,60,2,3,0.1,MM,2.4,MM,1020.5,6.9,6.8,2.8,MM,MM,MM
2017,4,23,6,40,40,2,3,MM,MM,MM,MM,1020.5,7,6.8,2.6,MM,MM,MM
2017,4,23,6,30,40,3,3,MM,MM,MM,MM,1020.6,7.1,6.8,2.4,MM,MM,MM
2017,4,23,6,20,40,3,3,MM,MM,MM,MM,1020.6,7.2,6.8,2.4,MM,MM,MM
2017,4,23,6,10,30,3,4,MM,MM,MM,MM,1020.8,7.2,6.8,2.2,MM,MM,MM
2017,4,23,6,0,30,3,4,MM,MM,MM,MM,1020.9,7.3,6.9,2.1,MM,0,MM
2017,4,23,5,50,30,3,4,0.1,MM,2.4,MM,1021,7.3,6.9,2,MM,MM,MM
2017,4,23,5,40,20,3,4,MM,MM,MM,MM,1021,7.4,6.9,2.3,MM,MM,MM
2017,4,23,5,30,30,3,3,MM,MM,MM,MM,1021.1,7.4,6.9,2.5,MM,MM,MM
2017,4,23,5,20,20,3,4,MM,MM,MM,MM,1021.1,7.4,6.9,2.5,MM,MM,MM
2017,4,23,5,10,20,3,4,MM,MM,MM,MM,1021.2,7.4,6.9,2.5,MM,MM,MM
2017,4,23,5,0,20,3,4,MM,MM,MM,MM,1021.1,7.5,6.9,2.7,MM,0.2,MM
2017,4,23,4,50,20,3,4,0.2,MM,2.5,MM,1021.1,7.5,6.9,2.7,MM,MM,MM
2017,4,23,4,40,10,3,4,MM,MM,MM,MM,1021,7.5,7,2.7,MM,MM,MM
2017,4,23,4,30,10,3,4,MM,MM,MM,MM,1021.1,7.6,7,2.9,MM,MM,MM
2017,4,23,4,20,10,3,4,MM,MM,MM,MM,1021,7.6,7,3.3,MM,MM,MM
2017,4,23,4,10,10,4,4,MM,MM,MM,MM,1021,7.7,7,3.2,MM,MM,MM
2017,4,23,4,0,10,3,4,MM,MM,MM,MM,1021,7.7,7,3,MM,0.6,MM
2017,4,23,3,50,10,4,4,0.2,MM,2.5,MM,1021,7.7,7,3.3,MM,MM,MM
2017,4,23,3,40,10,4,5,MM,MM,MM,MM,1020.9,7.9,7,3.3,MM,MM,MM
2017,4,23,3,30,10,4,5,MM,MM,MM,MM,1021,7.8,7.1,3.5,MM,MM,MM
2017,4,23,3,20,360,4,5,MM,MM,MM,MM,1021,7.8,7.1,3.9,MM,MM,MM
2017,4,23,3,10,10,4,4,MM,MM,MM,MM,1020.9,7.7,7.2,4,MM,MM,MM
2017,4,23,3,0,20,3,4,MM,MM,MM,MM,1021,7.8,7.2,4,MM,0.7,MM
2017,4,23,2,50,20,2,3,0.2,MM,2.7,MM,1021.1,7.8,7.2,4.1,MM,MM,MM
2017,4,23,2,40,30,2,3,MM,MM,MM,MM,1021.1,8,7.2,4,MM,MM,MM
2017,4,23,2,30,30,2,3,MM,MM,MM,MM,1021,8,7.3,3.8,MM,MM,MM
2017,4,23,2,20,30,2,2,MM,MM,MM,MM,1021,8,7.3,4.1,MM,MM,MM
2017,4,23,2,10,20,2,3,MM,MM,MM,MM,1020.9,8.2,7.3,3.9,MM,MM,MM
2017,4,23,2,0,10,2,3,MM,MM,MM,MM,1020.9,8.2,7.3,3.8,MM,0.8,MM
2017,4,23,1,50,10,2,3,0.2,MM,2.7,MM,1020.7,7.9,7.3,4.2,MM,MM,MM
2017,4,23,1,40,340,1,1,MM,MM,MM,MM,MM,MM,7.3,MM,MM,MM,MM
2017,4,23,1,30,MM,0,1,MM,MM,MM,MM,1020.6,7.5,7.3,4.3,MM,MM,MM
2017,4,23,1,20,MM,0,1,MM,MM,MM,MM,1020.6,7.4,7.3,4.5,MM,MM,MM
2017,4,23,1,10,310,1,1,MM,MM,MM,MM,1020.5,7.4,MM,4.7,MM,MM,MM
2017,4,23,1,0,MM,0,1,MM,MM,MM,MM,1020.4,7.2,7.3,5,MM,0,MM
2017,4,23,0,50,MM,0,1,0.2,MM,2.8,MM,1020.3,7.2,7.4,5.2,MM,MM,MM
2017,4,23,0,40,MM,MM,MM,0.2,MM,2.8,MM,MM,MM,MM,MM,MM,MM,MM
2017,4,23,0,30,320,2,2,MM,MM,MM,MM,1020.2,7.3,7.4,5.4,MM,MM,MM
2017,4,23,0,20,310,1,2,MM,MM,MM,MM,1020.2,7.4,7.3,5.5,MM,MM,MM
2017,4,23,0,10,280,1,1,MM,MM,MM,MM,1020.2,7.5,7.4,5.2,MM,MM,MM
2017,4,23,0,0,250,2,2,MM,MM,MM,MM,1020.3,7.4,7.3,4.8,MM,-0.3,MM
2017,4,22,23,50,240,1,2,0.2,MM,2.9,MM,1020.5,7.4,7.4,4.7,MM,MM,MM
2017,4,22,23,40,240,2,2,0.2,MM,2.9,MM,1020.4,7.4,7.4,4.6,MM,MM,MM
2017,4,22,23,30,240,2,2,MM,MM,MM,MM,1020.2,7.3,7.2,4.4,MM,MM,MM
2017,4,22,23,20,230,1,2,MM,MM,MM,MM,1020.2,7.3,7.4,4.2,MM,MM,MM
2017,4,22,23,10,230,1,1,MM,MM,MM,MM,1020.1,7.3,7.3,4.2,MM,MM,MM
2017,4,22,23,0,240,1,1,MM,MM,MM,MM,1020.1,7.3,7.4,4,MM,-1,MM
2017,4,22,22,50,230,1,1,0.2,MM,2.9,MM,1020.1,7.4,7.2,4,MM,MM,MM
2017,4,22,22,40,210,1,1,MM,MM,MM,MM,1020.2,7.4,7.3,4,MM,MM,MM
2017,4,22,22,30,200,1,1,MM,MM,MM,MM,1020.3,7.4,7.2,3.7,MM,MM,MM
2017,4,22,22,20,MM,0,1,MM,MM,MM,MM,1020.3,7.5,7.3,3.8,MM,MM,MM
2017,4,22,22,10,180,1,2,MM,MM,MM,MM,1020.4,7.4,7.3,3.8,MM,MM,MM
2017,4,22,22,0,180,1,2,MM,MM,MM,MM,1020.4,7.4,7.3,3.7,MM,-0.8,MM
2017,4,22,21,50,180,1,1,0.3,3,3,30,1020.4,7.5,7.4,3.5,MM,MM,MM
2017,4,22,21,40,200,1,1,MM,MM,MM,MM,1020.5,7.5,7.3,3.5,MM,MM,MM
2017,4,22,21,30,200,1,1,MM,MM,MM,MM,1020.5,7.5,7.3,3.5,MM,MM,MM
2017,4,22,21,20,170,1,1,MM,MM,MM,MM,1020.5,7.4,7.3,3.2,MM,MM,MM
2017,4,22,21,10,160,1,1,MM,MM,MM,MM,1020.6,7.7,7.3,3,MM,MM,MM
2017,4,22,21,0,MM,0,1,MM,MM,MM,MM,1020.6,8.1,7.4,3.1,MM,-0.8,MM
2017,4,22,20,50,MM,0,0,0.3,3,3,7,1020.4,8.1,7.3,3.3,MM,MM,MM
2017,4,22,20,40,MM,0,1,MM,MM,MM,MM,1020.6,7.6,7.3,3.3,MM,MM,MM
2017,4,22,20,30,160,1,1,MM,MM,MM,MM,1020.7,7.4,7.2,3.1,MM,MM,MM
2017,4,22,20,20,170,1,2,MM,MM,MM,MM,1020.9,7.4,7.3,3.4,MM,MM,MM
2017,4,22,20,10,180,1,2,MM,MM,MM,MM,1021,7.3,7.2,3.6,MM,MM,MM
2017,4,22,20,0,170,2,2,MM,MM,MM,MM,1021.1,7.3,7.2,3.6,MM,-0.4,MM
2017,4,22,19,50,160,2,2,0.3,3,3,5,1021.2,7.3,7.1,3.6,MM,MM,MM
2017,4,22,19,40,160,2,2,MM,MM,MM,MM,1021.1,7.3,7.3,3.4,MM,MM,MM
2017,4,22,19,30,180,2,2,MM,MM,MM,MM,1021.2,7.2,7.2,3.3,MM,MM,MM
2017,4,22,19,20,180,1,2,MM,MM,MM,MM,1021.2,7.3,7.2,3.3,MM,MM,MM
2017,4,22,19,10,150,1,1,MM,MM,MM,MM,1021.3,7.3,7.1,3.1,MM,MM,MM
2017,4,22,19,0,160,1,2,MM,MM,MM,MM,1021.2,7.2,7,3.1,MM,0,MM
2017,4,22,18,50,170,1,2,0.3,3,3,7,1021.4,7.1,7.1,3.3,MM,MM,MM
2017,4,22,18,40,180,2,2,MM,MM,MM,MM,1021.5,6.9,7,3.3,MM,MM,MM
2017,4,22,18,30,190,2,2,MM,MM,MM,MM,1021.5,6.9,7,3.3,MM,MM,MM
2017,4,22,18,20,190,1,1,MM,MM,MM,MM,1021.5,7,6.9,3.3,MM,MM,MM
2017,4,22,18,10,170,1,1,MM,MM,MM,MM,1021.4,6.9,6.8,3.3,MM,MM,MM
2017,4,22,18,0,150,1,1,MM,MM,MM,MM,1021.3,7.1,6.8,3.2,MM,0.3,MM
2017,4,22,17,50,MM,0,0,0.3,3,3,0,1021.4,7.2,6.8,3.1,MM,MM,MM
2017,4,22,17,40,MM,0,1,MM,MM,MM,MM,1021.5,7,6.8,3.3,MM,MM,MM
2017,4,22,17,30,60,1,2,MM,MM,MM,MM,1021.5,6.7,6.9,3.2,MM,MM,MM
2017,4,22,17,20,40,1,2,MM,MM,MM,MM,1021.4,6.6,6.9,3.2,MM,MM,MM
2017,4,22,17,10,30,2,2,MM,MM,MM,MM,1021.4,6.6,6.9,3.3,MM,MM,MM
2017,4,22,17,0,20,2,2,MM,MM,MM,MM,1021.6,6.6,6.8,3.2,MM,0.6,MM
2017,4,22,16,50,20,2,3,0.4,3,3,20,1021.8,6.5,6.8,3.3,MM,MM,MM
2017,4,22,16,40,20,3,3,MM,MM,MM,MM,1021.7,6.5,6.7,3.3,MM,MM,MM
2017,4,22,16,30,20,3,4,MM,MM,MM,MM,1021.7,6.5,6.7,3.3,MM,MM,MM
2017,4,22,16,20,20,4,5,MM,MM,MM,MM,1021.5,6.4,6.7,3.4,MM,MM,MM
2017,4,22,16,10,20,5,6,MM,MM,MM,MM,1021.4,6.4,6.7,3.6,MM,MM,MM
2017,4,22,16,0,10,5,6,MM,MM,MM,MM,1021.4,6.3,6.7,3.8,MM,0.5,MM
2017,4,22,15,50,10,5,6,0.5,3,3,19,1021.2,6.3,6.7,3.6,MM,MM,MM
2017,4,22,15,40,20,6,7,MM,MM,MM,MM,1021.2,6.2,6.7,3.5,MM,MM,MM
2017,4,22,15,30,20,5,6,MM,MM,MM,MM,1021,6.2,6.7,3.5,MM,MM,MM
2017,4,22,15,20,20,5,6,MM,MM,MM,MM,1021.3,6.2,6.7,3.3,MM,MM,MM
2017,4,22,15,10,30,6,7,MM,MM,MM,MM,1021.1,6.2,6.7,3.2,MM,MM,MM
2017,4,22,15,0,20,6,7,MM,MM,MM,MM,1021.1,6.2,6.7,3.3,MM,0.3,MM
2017,4,22,14,50,20,6,7,0.5,3,3.1,21,1020.7,6.2,6.7,3.3,MM,MM,MM
2017,4,22,14,40,20,6,7,MM,MM,MM,MM,1020.6,6.1,6.7,3.2,MM,MM,MM
2017,4,22,14,30,20,6,7,MM,MM,MM,MM,1020.8,6.2,6.7,3.3,MM,MM,MM
2017,4,22,14,20,20,6,7,MM,MM,MM,MM,1020.8,6.1,6.7,3.2,MM,MM,MM
2017,4,22,14,10,20,6,7,MM,MM,MM,MM,1020.8,6.1,6.7,3.3,MM,MM,MM
2017,4,22,14,0,10,6,7,MM,MM,MM,MM,1021,6.1,6.7,3.3,MM,1,MM
2017,4,22,13,50,10,6,7,0.5,4,3.1,17,1021.2,6.1,6.7,3.2,MM,MM,MM
2017,4,22,13,40,10,7,8,MM,MM,MM,MM,1021.3,6.1,6.7,3.3,MM,MM,MM
2017,4,22,13,30,10,6,8,MM,MM,MM,MM,1021.1,6.1,6.7,3.4,MM,MM,MM
2017,4,22,13,20,10,7,8,MM,MM,MM,MM,1021.1,6.1,6.7,3.2,MM,MM,MM
2017,4,22,13,10,20,7,8,MM,MM,MM,MM,1020.9,6.1,6.7,3.4,MM,MM,MM
2017,4,22,13,0,20,6,7,MM,MM,MM,MM,1020.9,6.1,6.7,3.3,MM,2.1,MM
2017,4,22,12,50,20,6,8,0.5,3,3.1,13,1021,6.2,6.7,3.3,MM,MM,MM
2017,4,22,12,40,10,6,8,MM,MM,MM,MM,1020.8,6.3,6.7,3.4,MM,MM,MM
2017,4,22,12,30,10,6,7,MM,MM,MM,MM,1020.9,6.4,6.7,3.5,MM,MM,MM
2017,4,22,12,20,10,6,8,MM,MM,MM,MM,1021.1,6.4,6.7,3.4,MM,MM,MM
2017,4,22,12,10,10,7,9,MM,MM,MM,MM,1020.9,6.5,6.7,3.4,MM,MM,MM
2017,4,22,12,0,10,7,8,MM,MM,MM,MM,1020.8,6.5,6.7,3.4,MM,2,MM
2017,4,22,11,50,360,7,8,0.5,3,3,9,1020.6,6.5,6.7,3.5,MM,MM,MM
2017,4,22,11,40,360,7,8,MM,MM,MM,MM,1020.5,6.5,6.7,3.5,MM,MM,MM
2017,4,22,11,30,360,7,9,MM,MM,MM,MM,1020.5,6.5,6.7,3.5,MM,MM,MM
2017,4,22,11,20,360,6,8,MM,MM,MM,MM,1020.5,6.5,6.7,3.6,MM,MM,MM
2017,4,22,11,10,10,7,8,MM,MM,MM,MM,1020.2,6.5,6.7,3.5,MM,MM,MM
2017,4,22,11,0,360,7,9,MM,MM,MM,MM,1019.9,6.5,6.7,3.5,MM,0.7,MM
2017,4,22,10,50,360,7,9,0.4,3,2.8,0,1019.6,6.5,6.7,3.7,MM,MM,MM
2017,4,22,10,40,360,7,9,MM,MM,MM,MM,1019.1,6.5,6.7,3.7,MM,MM,MM
2017,4,22,10,30,10,7,9,MM,MM,MM,MM,1019,6.6,6.7,3.8,MM,MM,MM
2017,4,22,10,20,360,7,8,MM,MM,MM,MM,1018.7,6.6,6.7,3.9,MM,MM,MM
2017,4,22,10,10,360,6,8,MM,MM,MM,MM,1018.8,6.6,6.7,3.8,MM,MM,MM
2017,4,22,10,0,360,7,8,MM,MM,MM,MM,1018.8,6.6,6.7,3.8,MM,-0.4,MM
2017,4,22,9,50,350,6,8,0.4,3,2.8,348,1018.9,6.7,6.7,4.1,MM,MM,MM
2017,4,22,9,40,360,6,7,MM,MM,MM,MM,1019,6.7,6.7,4.1,MM,MM,MM
2017,4,22,9,30,360,7,8,MM,MM,MM,MM,1018.8,6.7,6.7,3.8,MM,MM,MM
2017,4,22,9,20,350,6,7,MM,MM,MM,MM,1019,6.7,6.7,4.1,MM,MM,MM
2017,4,22,9,10,350,5,7,MM,MM,MM,MM,1019,6.7,6.7,4.4,MM,MM,MM
2017,4,22,9,0,350,5,6,MM,MM,MM,MM,1018.8,6.7,6.7,4.5,MM,-0.5,MM
2017,4,22,8,50,340,4,5,0.3,3,2.9,13,1019,6.8,6.7,4.7,MM,MM,MM
2017,4,22,8,40,350,4,5,MM,MM,MM,MM,1019.2,6.7,6.7,4.7,MM,MM,MM
2017,4,22,8,30,350,3,4,MM,MM,MM,MM,1019.2,6.6,6.7,5.1,MM,MM,MM
2017,4,22,8,20,340,4,5,MM,MM,MM,MM,1019.4,6.6,6.7,5,MM,MM,MM
2017,4,22,8,10,350,4,5,MM,MM,MM,MM,1019.3,6.6,6.7,4.9,MM,MM,MM
2017,4,22,8,0,360,4,5,MM,MM,MM,MM,1019.2,6.6,6.7,4.9,MM,0,MM
2017,4,22,7,50,360,4,5,0.4,3,3,341,1019.2,6.6,6.7,4.9,MM,MM,MM
2017,4,22,7,40,10,4,5,MM,MM,MM,MM,1019.2,6.6,6.7,4.9,MM,MM,MM
2017,4,22,7,30,10,4,5,MM,MM,MM,MM,1019.2,6.6,6.7,4.8,MM,MM,MM
2017,4,22,7,20,10,5,6,MM,MM,MM,MM,1019.2,6.5,6.7,4.8,MM,MM,MM
2017,4,22,7,10,10,5,6,MM,MM,MM,MM,1019.3,6.5,6.7,4.9,MM,MM,MM
2017,4,22,7,0,10,5,6,MM,MM,MM,MM,1019.2,6.5,6.7,4.8,MM,0,MM
2017,4,22,6,50,10,5,6,0.3,3,2.7,2,1019.3,6.6,6.7,4.8,MM,MM,MM
2017,4,22,6,40,20,4,6,MM,MM,MM,MM,1019.3,6.6,6.7,4.8,MM,MM,MM
2017,4,22,6,30,20,5,6,MM,MM,MM,MM,1019.3,6.6,6.7,4.8,MM,MM,MM
2017,4,22,6,20,20,5,6,MM,MM,MM,MM,1019.4,6.7,6.7,4.8,MM,MM,MM
2017,4,22,6,10,20,5,6,MM,MM,MM,MM,1019.4,6.7,6.7,4.7,MM,MM,MM
2017,4,22,6,0,20,6,7,MM,MM,MM,MM,1019.3,6.8,6.7,4.8,MM,0,MM
2017,4,22,5,50,20,6,8,0.2,MM,2.5,MM,1019.2,6.9,6.7,4.7,MM,MM,MM
2017,4,22,5,40,20,6,8,MM,MM,MM,MM,1019.2,6.9,6.7,4.7,MM,MM,MM
2017,4,22,5,30,20,6,8,MM,MM,MM,MM,1019.3,7,6.7,4.7,MM,MM,MM
2017,4,22,5,20,20,6,8,MM,MM,MM,MM,1019.3,7.2,6.7,4.7,MM,MM,MM
2017,4,22,5,10,20,6,7,MM,MM,MM,MM,1019.5,7.3,6.7,4.8,MM,MM,MM
2017,4,22,5,0,10,5,7,MM,MM,MM,MM,1019.4,7.5,6.7,4.7,MM,0.2,MM
2017,4,22,4,50,360,6,7,0.2,MM,2.7,MM,1019.5,7.7,6.7,4.6,MM,MM,MM
2017,4,22,4,40,360,5,6,MM,MM,MM,MM,1019.5,7.7,6.7,4.6,MM,MM,MM
2017,4,22,4,30,360,4,5,MM,MM,MM,MM,1019.3,7.6,6.7,4.7,MM,MM,MM
2017,4,22,4,20,360,4,6,MM,MM,MM,MM,1019.3,7.8,6.7,4.7,MM,MM,MM
2017,4,22,4,10,350,5,6,MM,MM,MM,MM,1019.3,8,6.7,4.5,MM,MM,MM
2017,4,22,4,0,350,5,6,MM,MM,MM,MM,1019.3,8,6.8,4.5,MM,1,MM
2017,4,22,3,50,340,4,5,0.3,3,2.9,344,1019.4,7.9,6.8,4.5,MM,MM,MM
2017,4,22,3,40,340,3,4,0.3,MM,2.9,344,1019.5,7.8,6.8,4.8,MM,MM,MM
2017,4,22,3,30,340,3,4,MM,MM,MM,MM,1019.4,8,6.8,4.6,MM,MM,MM
2017,4,22,3,20,330,3,4,MM,MM,MM,MM,1019.3,7.9,6.8,4.8,MM,MM,MM
2017,4,22,3,10,330,3,4,MM,MM,MM,MM,1019.2,7.7,6.8,5,MM,MM,MM
2017,4,22,3,0,330,3,3,MM,MM,MM,MM,1019.3,7.8,6.8,4.9,MM,2.2,MM
2017,4,22,2,50,330,3,3,0.3,3,2.8,321,1019.3,7.8,6.8,4.9,MM,MM,MM
2017,4,22,2,40,330,3,3,MM,MM,MM,MM,1019.4,7.8,6.8,4.9,MM,MM,MM
2017,4,22,2,30,330,3,4,MM,MM,MM,MM,1019.3,7.9,6.8,4.8,MM,MM,MM
2017,4,22,2,20,340,3,4,MM,MM,MM,MM,1019.2,7.9,6.8,4.8,MM,MM,MM
2017,4,22,2,10,340,4,5,MM,MM,MM,MM,1019.2,8,6.8,4.6,MM,MM,MM
2017,4,22,2,0,340,4,6,MM,MM,MM,MM,1019.1,8.1,6.8,4.5,MM,2.5,MM
2017,4,22,1,50,340,3,4,0.3,3,2.8,307,1019.2,8,6.8,4.5,MM,MM,MM
2017,4,22,1,40,340,4,4,MM,MM,MM,MM,1019,7.9,6.8,4.7,MM,MM,MM
2017,4,22,1,30,350,4,4,MM,MM,MM,MM,1018.8,8,6.8,4.8,MM,MM,MM
2017,4,22,1,20,350,4,5,MM,MM,MM,MM,1018.6,8,6.8,4.8,MM,MM,MM
2017,4,22,1,10,350,5,6,MM,MM,MM,MM,1018.4,8,6.8,4.7,MM,MM,MM
2017,4,22,1,0,350,4,6,MM,MM,MM,MM,1018.2,8.1,6.8,4.8,MM,1.8,MM
2017,4,22,0,50,350,5,6,0.3,MM,3,288,1018.1,7.9,6.9,4.8,MM,MM,MM
2017,4,22,0,40,350,4,5,MM,MM,MM,MM,1018,8,6.9,4.8,MM,MM,MM
2017,4,22,0,30,350,4,5,MM,MM,MM,MM,1017.7,8.1,6.9,5.1,MM,MM,MM
2017,4,22,0,20,340,5,7,MM,MM,MM,MM,1017.6,8.3,6.9,5.1,MM,MM,MM
2017,4,22,0,10,320,4,7,MM,MM,MM,MM,1017.3,8.1,6.9,5.5,MM,MM,MM
2017,4,22,0,0,310,4,5,MM,MM,MM,MM,1017.1,8.3,6.9,5.4,MM,1,MM
2017,4,21,23,50,300,4,5,0.4,3,3,302,1017.1,8.4,6.9,5.3,MM,MM,MM
2017,4,21,23,40,290,4,4,0.4,MM,3,302,1017.1,8.4,6.9,5.1,MM,MM,MM
2017,4,21,23,30,300,4,5,MM,MM,MM,MM,1017,8.4,6.9,5.1,MM,MM,MM
2017,4,21,23,20,300,4,5,MM,MM,MM,MM,1016.9,8.4,6.9,5.1,MM,MM,MM
2017,4,21,23,10,300,4,5,MM,MM,MM,MM,1016.7,8.4,6.9,5.2,MM,MM,MM
2017,4,21,23,0,300,4,5,MM,MM,MM,MM,1016.7,8.5,6.9,5.2,MM,1.1,MM
2017,4,21,22,50,300,5,5,0.4,4,3.2,279,1016.7,8.6,6.9,4.8,MM,MM,MM
2017,4,21,22,40,300,5,5,MM,MM,MM,MM,1016.7,8.5,6.9,4.9,MM,MM,MM
2017,4,21,22,30,300,4,5,MM,MM,MM,MM,1016.6,8.6,7,5,MM,MM,MM
2017,4,21,22,20,300,4,5,MM,MM,MM,MM,1016.6,8.6,7,5,MM,MM,MM
2017,4,21,22,10,290,4,5,MM,MM,MM,MM,1016.6,8.6,7,5.2,MM,MM,MM
2017,4,21,22,0,290,4,5,MM,MM,MM,MM,1016.5,8.7,7,5.1,MM,1.1,MM
2017,4,21,21,50,290,4,5,0.5,4,3.3,268,1016.5,8.6,7,5.3,MM,MM,MM
2017,4,21,21,40,290,4,5,MM,MM,MM,MM,1016.6,8.6,7,5.4,MM,MM,MM
2017,4,21,21,30,280,5,6,MM,MM,MM,MM,1016.5,8.7,7,5.4,MM,MM,MM
2017,4,21,21,20,280,5,6,MM,MM,MM,MM,1016.4,8.8,7,5.3,MM,MM,MM
2017,4,21,21,10,280,5,6,MM,MM,MM,MM,1016.1,8.8,7,5.1,MM,MM,MM
2017,4,21,21,0,280,6,8,MM,MM,MM,MM,1016,9,7,5,MM,0.5,MM
2017,4,21,20,50,280,7,8,0.6,4,3.3,292,1016,9,7,4.9,MM,MM,MM
2017,4,21,20,40,290,7,9,MM,MM,MM,MM,1015.9,9,7,5,MM,MM,MM
2017,4,21,20,30,290,7,9,MM,MM,MM,MM,1015.9,8.8,7,5.1,MM,MM,MM
2017,4,21,20,20,290,7,8,MM,MM,MM,MM,1015.9,8.9,7,5.2,MM,MM,MM
2017,4,21,20,10,290,7,9,MM,MM,MM,MM,1015.6,8.9,7,5.1,MM,MM,MM
2017,4,21,20,0,290,7,9,MM,MM,MM,MM,1015.5,9,7,5.1,MM,-0.3,MM
2017,4,21,19,50,290,6,8,0.6,3,3.1,289,1015.5,8.8,7,5.3,MM,MM,MM
2017,4,21,19,40,290,6,8,MM,MM,MM,MM,1015.3,8.9,7,5.5,MM,MM,MM
2017,4,21,19,30,290,7,8,MM,MM,MM,MM,1015.4,9,7,5.3,MM,MM,MM
2017,4,21,19,20,280,7,8,MM,MM,MM,MM,1015.2,9,7,5.5,MM,MM,MM
2017,4,21,19,10,290,7,8,MM,MM,MM,MM,1015.3,9,7,5.4,MM,MM,MM
2017,4,21,19,0,290,6,7,MM,MM,MM,MM,1015.3,8.9,7,5.6,MM,0,MM
2017,4,21,18,50,290,6,9,0.5,3,3.1,281,1015.5,9,7,5.6,MM,MM,MM
2017,4,21,18,40,290,7,8,MM,MM,MM,MM,1015.5,9,7,5.6,MM,MM,MM
2017,4,21,18,30,290,7,8,MM,MM,MM,MM,1015.5,9,7.1,5.7,MM,MM,MM
2017,4,21,18,20,280,6,7,MM,MM,MM,MM,1015.4,9,7,5.9,MM,MM,MM
2017,4,21,18,10,280,5,7,MM,MM,MM,MM,1015.4,8.9,MM,6,MM,MM,MM
2017,4,21,18,0,280,6,7,MM,MM,MM,MM,1015.5,8.9,7,6,MM,0.5,MM
2017,4,21,17,50,280,6,7,0.5,3,3.1,275,1015.6,8.8,7,5.9,MM,MM,MM
2017,4,21,17,40,280,6,7,MM,MM,MM,MM,1015.5,8.9,7,6,MM,MM,MM
2017,4,21,17,30,280,6,7,MM,MM,MM,MM,1015.6,8.9,7,6,MM,MM,MM
2017,4,21,17,20,280,5,6,MM,MM,MM,MM,1015.8,8.8,7,6.3,MM,MM,MM
2017,4,21,17,10,270,6,7,MM,MM,MM,MM,1015.9,9,7,6.2,MM,MM,MM
2017,4,21,17,0,280,6,7,MM,MM,MM,MM,1015.9,9,7,6.1,MM,1.3,MM
2017,4,21,16,50,280,5,6,0.5,4,3.1,277,1015.8,8.9,6.9,6.1,MM,MM,MM
2017,4,21,16,40,280,5,7,MM,MM,MM,MM,1015.6,8.9,7,6,MM,MM,MM
2017,4,21,16,30,280,6,7,MM,MM,MM,MM,1015.6,8.9,7,5.9,MM,MM,MM
2017,4,21,16,20,280,6,7,MM,MM,MM,MM,1015.5,8.9,6.9,6,MM,MM,MM
2017,4,21,16,10,270,5,6,MM,MM,MM,MM,1015.4,8.9,6.9,6.1,MM,MM,MM
2017,4,21,16,0,270,6,7,MM,MM,MM,MM,1015.5,8.8,6.9,6.2,MM,1.2,MM
2017,4,21,15,50,270,5,6,0.5,3,3.2,274,1015.1,8.8,6.9,6.2,MM,MM,MM
2017,4,21,15,40,270,5,6,MM,MM,MM,MM,1015,8.7,6.9,6.2,MM,MM,MM
2017,4,21,15,30,280,5,6,MM,MM,MM,MM,1015,8.7,6.9,6.1,MM,MM,MM
2017,4,21,15,20,280,5,5,MM,MM,MM,MM,1014.9,8.6,6.9,6.2,MM,MM,MM
2017,4,21,15,10,280,5,6,MM,MM,MM,MM,1015,8.8,6.9,6.2,MM,MM,MM
2017,4,21,15,0,270,6,7,MM,MM,MM,MM,1015,8.8,6.9,6.1,MM,1.5,MM
2017,4,21,14,50,280,6,7,0.4,4,3.2,251,1015,8.9,6.9,6.1,MM,MM,MM
2017,4,21,14,40,280,6,7,MM,MM,MM,MM,1014.9,9.1,6.9,6.3,MM,MM,MM
2017,4,21,14,30,280,5,7,MM,MM,MM,MM,1014.9,9,6.9,6.8,MM,MM,MM
2017,4,21,14,20,260,4,5,MM,MM,MM,MM,1014.8,8.7,6.9,6.8,MM,MM,MM
2017,4,21,14,10,260,5,6,MM,MM,MM,MM,1014.7,9.1,6.9,6.7,MM,MM,MM
2017,4,21,14,0,260,4,5,MM,MM,MM,MM,1014.5,9.1,6.9,6.7,MM,1.4,MM
2017,4,21,13,50,260,4,5,0.4,3,3.1,256,1014.3,9.1,6.9,6.6,MM,MM,MM
2017,4,21,13,40,260,4,5,MM,MM,MM,MM,1014.2,9.2,6.9,6.9,MM,MM,MM
2017,4,21,13,30,250,5,6,MM,MM,MM,MM,1014.3,9.1,6.9,6.9,MM,MM,MM
2017,4,21,13,20,260,5,6,MM,MM,MM,MM,1014.4,9,6.9,6.7,MM,MM,MM
2017,4,21,13,10,270,5,6,MM,MM,MM,MM,1014.2,9.2,6.9,6.6,MM,MM,MM
2017,4,21,13,0,260,5,6,MM,MM,MM,MM,1014.2,9.1,6.9,6.6,MM,1.8,MM
2017,4,21,12,50,260,6,7,0.5,3,3.2,262,1014.3,9.3,6.9,6.6,MM,MM,MM
2017,4,21,12,40,250,6,7,MM,MM,MM,MM,1014.1,9.2,6.9,6.7,MM,MM,MM
2017,4,21,12,30,250,5,7,MM,MM,MM,MM,1013.9,9.2,6.9,6.7,MM,MM,MM
2017,4,21,12,20,250,5,6,MM,MM,MM,MM,1013.8,9.2,6.9,6.6,MM,MM,MM
2017,4,21,12,10,250,5,6,MM,MM,MM,MM,1013.7,9.3,6.9,6.7,MM,MM,MM
2017,4,21,12,0,250,5,6,MM,MM,MM,MM,1013.5,9.1,6.9,6.6,MM,1.6,MM
2017,4,21,11,50,260,5,6,0.5,3,3.3,272,1013.4,9.5,7,6.5,MM,MM,MM
2017,4,21,11,40,260,6,7,MM,MM,MM,MM,1013.5,9.7,7,6.5,MM,MM,MM
2017,4,21,11,30,260,5,7,MM,MM,MM,MM,1013.5,9.5,7,6.5,MM,MM,MM
2017,4,21,11,20,260,5,5,MM,MM,MM,MM,1013.5,9.4,7,6.8,MM,MM,MM
2017,4,21,11,10,260,4,5,MM,MM,MM,MM,1013.3,9.2,7,7.1,MM,MM,MM
2017,4,21,11,0,260,4,5,MM,MM,MM,MM,1013.1,9.1,7,7.1,MM,1.8,MM
2017,4,21,10,50,260,4,5,0.5,4,3.4,45,1013,9.1,MM,7.1,MM,MM,MM
2017,4,21,10,40,260,5,6,MM,MM,MM,MM,1012.9,9.2,7,7.1,MM,MM,MM
2017,4,21,10,30,260,5,5,MM,MM,MM,MM,1012.8,9.1,7,7.3,MM,MM,MM
2017,4,21,10,20,260,5,5,MM,MM,MM,MM,1012.7,8.9,7,7.3,MM,MM,MM
2017,4,21,10,10,260,4,5,MM,MM,MM,MM,1012.5,8.7,7,7.3,MM,MM,MM
2017,4,21,10,0,260,5,5,MM,MM,MM,MM,1012.4,8.9,7,7.2,MM,1.3,MM
2017,4,21,9,50,260,5,6,0.6,3,3.3,265,1012.2,9.1,7,7.2,MM,MM,MM
2017,4,21,9,40,260,6,7,MM,MM,MM,MM,1012.1,9.4,7,7,MM,MM,MM
2017,4,21,9,30,260,6,7,MM,MM,MM,MM,1012,9.4,7,7.1,MM,MM,MM
2017,4,21,9,20,250,5,6,MM,MM,MM,MM,1012,9.4,7,7.3,MM,MM,MM
2017,4,21,9,10,260,5,6,MM,MM,MM,MM,1011.9,9.4,7,7.4,MM,MM,MM
2017,4,21,9,0,260,6,7,MM,MM,MM,MM,1011.8,9.6,7,7.3,MM,1,MM
2017,4,21,8,50,260,6,8,0.5,6,3.4,70,1011.9,9.8,7,7.4,MM,MM,MM
2017,4,21,8,40,270,7,9,MM,MM,MM,MM,1011.8,9.9,7,7.5,MM,MM,MM
2017,4,21,8,30,260,7,8,MM,MM,MM,MM,1011.7,9.9,7,7.9,MM,MM,MM
2017,4,21,8,20,260,5,7,MM,MM,MM,MM,1011.6,9.5,7.1,8,MM,MM,MM
2017,4,21,8,10,270,5,6,MM,MM,MM,MM,1011.5,9.7,7.1,8,MM,MM,MM
2017,4,21,8,0,270,5,6,MM,MM,MM,MM,1011.3,9.9,7.1,8,MM,1.3,MM
2017,4,21,7,50,280,6,7,0.4,5,3.6,64,1011.3,9.9,7.1,8,MM,MM,MM
2017,4,21,7,40,280,5,6,MM,MM,MM,MM,1011.2,9.6,7.1,8.2,MM,MM,MM
2017,4,21,7,30,270,5,6,MM,MM,MM,MM,1011.2,9.6,7.1,8.6,MM,MM,MM
2017,4,21,7,20,270,5,6,MM,MM,MM,MM,1011.3,9.6,7.1,9,MM,MM,MM
2017,4,21,7,10,270,4,5,MM,MM,MM,MM,1011.2,9.4,7.1,9.1,MM,MM,MM
2017,4,21,7,0,260,4,4,MM,MM,MM,MM,1011.1,9.4,7.1,9.2,MM,1.8,MM
2017,4,21,6,50,270,3,4,0.4,5,4,67,1011,9.4,7.1,9.2,MM,MM,MM
2017,4,21,6,40,280,4,5,MM,MM,MM,MM,1011,9.4,7.1,9.2,MM,MM,MM
2017,4,21,6,30,290,4,5,MM,MM,MM,MM,1010.9,9.4,7.1,9.3,MM,MM,MM
2017,4,21,6,20,280,4,5,MM,MM,MM,MM,1010.9,9.4,7.1,9.3,MM,MM,MM
2017,4,21,6,10,290,4,5,MM,MM,MM,MM,1010.8,9.4,7.1,9.4,MM,MM,MM
2017,4,21,6,0,290,4,5,MM,MM,MM,MM,1010.8,9.5,7.1,9.4,MM,1.6,MM
2017,4,21,5,50,310,5,5,0.5,5,4.2,66,1010.7,9.8,7.1,9.7,MM,MM,MM
2017,4,21,5,40,310,5,6,MM,MM,MM,MM,1010.6,10,7.1,9.9,MM,MM,MM
2017,4,21,5,30,310,5,7,MM,MM,MM,MM,1010.7,10.3,7.1,10.2,MM,MM,MM
2017,4,21,5,20,310,6,7,MM,MM,MM,MM,1010.5,10.5,7.1,10.5,MM,MM,MM
2017,4,21,5,10,310,6,7,MM,MM,MM,MM,1010.3,10.5,7.1,10.5,MM,MM,MM
2017,4,21,5,0,300,5,6,MM,MM,MM,MM,1010.1,10.3,7.1,10.3,MM,0.3,MM
2017,4,21,4,50,290,5,6,0.6,6,4.3,71,1010,10.5,7.1,10.5,MM,MM,MM
2017,4,21,4,40,300,5,8,MM,MM,MM,MM,1010,10.6,MM,10.6,MM,MM,MM
2017,4,21,4,30,270,5,7,MM,MM,MM,MM,1009.8,10.5,7.1,10.5,MM,MM,MM
2017,4,21,4,20,250,4,5,MM,MM,MM,MM,1009.4,11.3,7.1,11.3,MM,MM,MM
2017,4,21,4,10,230,3,5,MM,MM,MM,MM,1009.4,10.4,7.1,10.4,MM,MM,MM
2017,4,21,4,0,200,4,4,MM,MM,MM,MM,1009.4,10.3,7.1,10.3,MM,-1.8,MM
2017,4,21,3,50,190,4,4,0.6,5,4.2,68,1009.3,10.2,7.1,10.2,MM,MM,MM
2017,4,21,3,40,190,4,4,0.6,MM,4.2,68,1009.3,10,7.1,10,MM,MM,MM
2017,4,21,3,30,180,4,5,MM,MM,MM,MM,1009.3,9.8,7.1,9.8,MM,MM,MM
2017,4,21,3,20,180,4,5,MM,MM,MM,MM,1009.2,9.8,7.1,9.8,MM,MM,MM
2017,4,21,3,10,170,4,5,MM,MM,MM,MM,1009.1,9.5,7.1,9.5,MM,MM,MM
2017,4,21,3,0,170,4,5,MM,MM,MM,MM,1009.2,9.4,7.1,9.4,MM,-0.5,MM
2017,4,21,2,50,160,4,5,0.6,6,4.2,70,1009.4,9.3,7.1,9.3,MM,MM,MM
2017,4,21,2,40,150,5,5,0.6,MM,4.2,70,1009.4,9.4,7.1,9.4,MM,MM,MM
2017,4,21,2,30,140,5,6,MM,MM,MM,MM,1009.5,9.4,7.1,9.4,MM,MM,MM
2017,4,21,2,20,140,5,6,MM,MM,MM,MM,1009.5,9.5,7.1,9.5,MM,MM,MM
2017,4,21,2,10,140,5,5,MM,MM,MM,MM,1009.6,9.4,7.1,9.4,MM,MM,MM
2017,4,21,2,0,130,5,5,MM,MM,MM,MM,1009.7,9,7.1,9,MM,0.4,MM
2017,4,21,1,50,130,4,5,0.7,6,4.4,71,1009.9,8.7,7.1,8.6,MM,MM,MM
2017,4,21,1,40,120,4,5,MM,MM,MM,MM,1009.8,8.7,7.1,8.6,MM,MM,MM
2017,4,21,1,30,90,4,5,MM,MM,MM,MM,1009.7,8.7,7.1,8.6,MM,MM,MM
2017,4,21,1,20,90,4,5,MM,MM,MM,MM,MM,MM,7.1,MM,MM,MM,MM
2017,4,21,1,10,70,3,5,MM,MM,MM,MM,1010.6,8.4,7.1,8.4,MM,MM,MM
2017,4,21,1,0,40,3,5,MM,MM,MM,MM,1011.2,7.9,7.1,7.7,MM,1.3,MM
2017,4,21,0,50,60,4,5,0.8,5,4.2,65,1010.6,8,7.1,7.9,MM,MM,MM
2017,4,21,0,40,40,4,5,MM,MM,MM,MM,1010.8,8,7.1,7.8,MM,MM,MM
2017,4,21,0,30,50,3,4,MM,MM,MM,MM,1010.9,8,7.1,7.7,MM,MM,MM
2017,4,21,0,20,40,3,4,MM,MM,MM,MM,1010.4,8.1,7.1,7.8,MM,MM,MM
2017,4,21,0,10,70,3,4,MM,MM,MM,MM,1010.2,8.2,7.1,7.9,MM,MM,MM
2017,4,21,0,0,80,3,4,MM,MM,MM,MM,1009.7,8.1,7.1,7.7,MM,0.7,MM
2017,4,20,23,50,70,3,4,0.8,6,4.2,64,1009.5,8.1,7.1,7.7,MM,MM,MM
2017,4,20,23,40,70,4,5,0.8,MM,4.2,64,1009.1,8.2,7.1,7.8,MM,MM,MM
2017,4,20,23,30,70,4,5,MM,MM,MM,MM,1009.2,8.3,7.1,7.9,MM,MM,MM
2017,4,20,23,20,50,4,4,MM,MM,MM,MM,1009.3,8.3,7.1,7.8,MM,MM,MM
2017,4,20,23,10,80,3,4,MM,MM,MM,MM,1009.3,8.8,7.1,8.3,MM,MM,MM
2017,4,20,23,0,100,4,6,MM,MM,MM,MM,1009.3,8.9,7.1,8.5,MM,0,MM
2017,4,20,22,50,100,4,5,0.8,5,4.1,60,1009.7,8.4,7.1,8,MM,MM,MM
2017,4,20,22,40,80,4,5,MM,MM,MM,MM,1010,8.4,7.1,8,MM,MM,MM
2017,4,20,22,30,70,5,6,MM,MM,MM,MM,1009.7,8.4,7.1,7.9,MM,MM,MM
2017,4,20,22,20,60,5,6,MM,MM,MM,MM,1009.6,8.5,7.1,8,MM,MM,MM
2017,4,20,22,10,50,5,7,MM,MM,MM,MM,1010,8.9,7.1,8.3,MM,MM,MM
2017,4,20,22,0,30,5,7,MM,MM,MM,MM,1009.9,9.3,7.1,8.7,MM,-0.8,MM
2017,4,20,21,50,20,5,8,0.8,5,3.9,56,1010.4,8.9,7.1,8.3,MM,MM,MM
2017,4,20,21,40,330,6.0 1,2,MM,MM,MM,MM,1010.8,9.5,7.1,8.8,MM,MM,MM
2017,4,20,21,30,110,4,5,MM,MM,MM,MM,1009.1,8.8,7.1,8.5,MM,MM,MM
2017,4,20,21,20,100,6,7,MM,MM,MM,MM,1008.8,8.3,7.1,7.7,MM,MM,MM
2017,4,20,21,10,110,7,8,MM,MM,MM,MM,1008.8,8.5,7.2,7.9,MM,MM,MM
2017,4,20,21,0,110,6,8,MM,MM,MM,MM,1008.9,8.7,7.2,8.1,MM,-2.8,MM
2017,4,20,20,50,110,6,9,0.6,4,3.6,56,1009,8.9,7.2,8.3,MM,MM,MM
2017,4,20,20,40,120,8.0 1,2,MM,MM,MM,MM,1008.9,9,7.2,8.2,MM,MM,MM
2017,4,20,20,30,120,6,7,MM,MM,MM,MM,1009.2,8.8,7.3,8.3,MM,MM,MM
2017,4,20,20,20,120,5,6,MM,MM,MM,MM,1009.2,8.7,7.3,8.3,MM,MM,MM
2017,4,20,20,10,110,5,6,MM,MM,MM,MM,1009.5,9.2,7.3,8.5,MM,MM,MM
2017,4,20,20,0,90,4,6,MM,MM,MM,MM,1009.3,10.2,7.3,9.9,MM,-3.2,MM
2017,4,20,19,50,80,3,4,0.5,4,3.2,62,1009.4,9.1,7.3,8.7,MM,MM,MM
2017,4,20,19,40,80,5,6,MM,MM,MM,MM,1009.5,8.3,7.3,7.8,MM,MM,MM
2017,4,20,19,30,40,4,5,MM,MM,MM,MM,1010.1,7.9,7.3,7.4,MM,MM,MM
2017,4,20,19,20,40,5,6,MM,MM,MM,MM,1010.5,7.8,7.3,7.4,MM,MM,MM
2017,4,20,19,10,40,5,8,MM,MM,MM,MM,1010.6,7.6,7.3,7.2,MM,MM,MM
2017,4,20,19,0,50,5,6,MM,MM,MM,MM,1010.7,7.5,7.3,7.2,MM,-2.6,MM
2017,4,20,18,50,70,5,6,0.4,4,3.2,58,1011.1,7.4,7.4,7.1,MM,MM,MM
2017,4,20,18,40,50,6,8,MM,MM,MM,MM,1011.4,7.4,7.4,7,MM,MM,MM
2017,4,20,18,30,40,7,8,MM,MM,MM,MM,1011.2,7.6,7.4,7.1,MM,MM,MM
2017,4,20,18,20,40,7,9,MM,MM,MM,MM,1011.7,7.8,7.3,7.3,MM,MM,MM
2017,4,20,18,10,30,6,8,MM,MM,MM,MM,1011.8,8.4,7.4,7.8,MM,MM,MM
2017,4,20,18,0,10,4,9,MM,MM,MM,MM,1011.7,11.1,7.6,9.3,MM,-2.3,MM
2017,4,20,17,50,240,3,7,0.3,3,3.2,48,1011.7,13.4,7.5,12.1,MM,MM,MM
2017,4,20,17,40,200,3,4,MM,MM,MM,MM,1011.6,14,7.6,12.6,MM,MM,MM
2017,4,20,17,30,190,3,4,MM,MM,MM,MM,1011.9,13.4,7.4,12.3,MM,MM,MM
2017,4,20,17,20,160,2,3,MM,MM,MM,MM,1012.1,13.7,7.4,12.8,MM,MM,MM
2017,4,20,17,10,140,1,2,MM,MM,MM,MM,1012.3,13.6,7.3,13,MM,MM,MM
2017,4,20,17,0,120,1,2,MM,MM,MM,MM,1012.4,13.2,7.3,12.9,MM,-2.3,MM
2017,4,20,16,50,30,1,2,0.3,3,2.9,59,1012.6,12.7,7.2,12.5,MM,MM,MM
2017,4,20,16,40,330,1,4,MM,MM,MM,MM,1012.9,12.2,7.3,12,MM,MM,MM
2017,4,20,16,30,160,3,3,MM,MM,MM,MM,1012.9,12.1,7.1,11.9,MM,MM,MM
2017,4,20,16,20,150,3,4,MM,MM,MM,MM,1013,12.2,7.2,12.2,MM,MM,MM
2017,4,20,16,10,130,3,3,MM,MM,MM,MM,1013.2,11.6,7.2,11.5,MM,MM,MM
2017,4,20,16,0,120,3,3,MM,MM,MM,MM,1013.3,11.3,7.1,11.2,MM,-2.3,MM
2017,4,20,15,50,110,2,3,0.2,MM,2.6,MM,1013.6,10.9,7.1,10.8,MM,MM,MM
2017,4,20,15,40,130,2,4,MM,MM,MM,MM,1013.7,11.2,7.1,11.2,MM,MM,MM
2017,4,20,15,30,140,3,4,MM,MM,MM,MM,1013.8,10.5,7.1,10.4,MM,MM,MM
2017,4,20,15,20,150,4,4,MM,MM,MM,MM,1013.8,10.5,7,10.5,MM,MM,MM
2017,4,20,15,10,150,4,5,MM,MM,MM,MM,1013.9,9.9,7,9.8,MM,MM,MM
2017,4,20,15,0,150,4,4,MM,MM,MM,MM,1014,9.8,7,9.7,MM,-2.5,MM
2017,4,20,14,50,140,4,5,0.2,MM,2.4,MM,1014,9.7,7,9.7,MM,MM,MM
2017,4,20,14,40,140,5,5,MM,MM,MM,MM,1014.2,9.6,7,9.6,MM,MM,MM
2017,4,20,14,30,140,5,6,MM,MM,MM,MM,1014.1,9.4,7,9.4,MM,MM,MM
2017,4,20,14,20,130,5,6,MM,MM,MM,MM,1014.1,9.1,7,9.1,MM,MM,MM
2017,4,20,14,10,120,5,5,MM,MM,MM,MM,1014.4,8.8,6.9,8.8,MM,MM,MM
2017,4,20,14,0,110,5,6,MM,MM,MM,MM,1014.7,8.6,6.9,8.6,MM,-2.4,MM
2017,4,20,13,50,110,5,6,0.2,MM,2.4,MM,1014.6,8.6,6.9,8.5,MM,MM,MM
2017,4,20,13,40,100,5,6,MM,MM,MM,MM,1015.1,9.2,6.9,9.2,MM,MM,MM
2017,4,20,13,30,90,4,5,MM,MM,MM,MM,1015.5,8.8,6.9,8.6,MM,MM,MM
2017,4,20,13,20,100,4,7,MM,MM,MM,MM,1015.5,9.2,6.9,9,MM,MM,MM
2017,4,20,13,10,120,5,7,MM,MM,MM,MM,1015.3,10,6.9,10,MM,MM,MM
2017,4,20,13,0,110,5,7,MM,MM,MM,MM,1015.6,8.3,6.9,8.1,MM,-2.1,MM
2017,4,20,12,50,130,4,8,0.2,MM,2.3,MM,1015.6,8.1,6.9,8,MM,MM,MM
2017,4,20,12,40,110,5,6,MM,MM,MM,MM,1015.8,7.9,6.9,7.7,MM,MM,MM
2017,4,20,12,30,100,5,6,MM,MM,MM,MM,1015.6,7.9,6.9,7.7,MM,MM,MM
2017,4,20,12,20,100,5,6,MM,MM,MM,MM,1015.7,7.8,6.9,7.6,MM,MM,MM
2017,4,20,12,10,80,4,5,MM,MM,MM,MM,1016.1,7.8,6.9,7.7,MM,MM,MM
2017,4,20,12,0,80,4,5,MM,MM,MM,MM,1016.4,7.6,6.9,7.4,MM,-2.1,MM
2017,4,20,11,50,100,5,6,0.2,MM,2.5,MM,1016.5,7.5,6.9,7.2,MM,MM,MM
2017,4,20,11,40,100,5,6,MM,MM,MM,MM,1016.7,7.7,6.9,7.3,MM,MM,MM
2017,4,20,11,30,110,5,6,MM,MM,MM,MM,1017,7.9,6.9,7.3,MM,MM,MM
2017,4,20,11,20,110,4,5,MM,MM,MM,MM,1017.2,8,6.9,7.3,MM,MM,MM
2017,4,20,11,10,110,5,6,MM,MM,MM,MM,1017.2,8,6.9,7.2,MM,MM,MM
2017,4,20,11,0,110,5,6,MM,MM,MM,MM,1017.1,7.9,6.9,7.1,MM,-2.2,MM
2017,4,20,10,50,100,5,5,0.1,MM,2.5,MM,1017.1,7.9,6.9,7.2,MM,MM,MM
2017,4,20,10,40,100,5,5,MM,MM,MM,MM,1017.1,7.8,6.9,7.1,MM,MM,MM
2017,4,20,10,30,100,5,5,MM,MM,MM,MM,1017.1,7.8,6.9,7,MM,MM,MM
2017,4,20,10,20,110,5,5,MM,MM,MM,MM,1017.3,7.9,6.9,7.2,MM,MM,MM
2017,4,20,10,10,110,4,5,MM,MM,MM,MM,1017.4,7.7,6.9,7.1,MM,MM,MM
2017,4,20,10,0,120,4,5,MM,MM,MM,MM,1017.6,7.5,6.9,7,MM,-1.6,MM
2017,4,20,9,50,110,4,4,0.2,MM,2.7,MM,1017.9,7.4,6.9,6.9,MM,MM,MM
2017,4,20,9,40,100,3,4,MM,MM,MM,MM,1017.9,7.2,6.9,6.8,MM,MM,MM
2017,4,20,9,30,100,3,4,MM,MM,MM,MM,1018,7.1,6.9,6.7,MM,MM,MM
2017,4,20,9,20,100,3,4,MM,MM,MM,MM,1018,7.1,6.9,6.6,MM,MM,MM
2017,4,20,9,10,80,3,4,MM,MM,MM,MM,1018.3,7.1,6.9,6.7,MM,MM,MM
2017,4,20,9,0,60,3,3,MM,MM,MM,MM,1018.5,7.1,6.9,6.6,MM,-1.2,MM
2017,4,20,8,50,60,3,3,0.2,MM,2.7,MM,1018.8,7.1,6.9,6.6,MM,MM,MM
2017,4,20,8,40,40,3,4,MM,MM,MM,MM,1018.9,7.1,6.9,6.7,MM,MM,MM
2017,4,20,8,30,40,3,4,MM,MM,MM,MM,1019.1,7.1,6.9,6.7,MM,MM,MM
2017,4,20,8,20,30,3,4,MM,MM,MM,MM,1019,7.2,6.9,6.7,MM,MM,MM
2017,4,20,8,10,40,3,5,MM,MM,MM,MM,1019,7.2,7,6.6,MM,MM,MM
2017,4,20,8,0,30,3,3,MM,MM,MM,MM,1019.3,7.2,7,6.6,MM,-0.9,MM
2017,4,20,7,50,40,3,3,0.2,MM,2.5,MM,1019.3,7.3,7,6.7,MM,MM,MM
2017,4,20,7,40,40,3,3,MM,MM,MM,MM,1019.3,7.4,7,6.8,MM,MM,MM
2017,4,20,7,30,40,3,3,MM,MM,MM,MM,1019.4,7.4,7,6.8,MM,MM,MM
2017,4,20,7,20,40,3,4,MM,MM,MM,MM,1019.4,7.4,7,6.8,MM,MM,MM
2017,4,20,7,10,50,3,4,MM,MM,MM,MM,1019.4,7.5,7,6.9,MM,MM,MM
2017,4,20,7,0,50,4,4,MM,MM,MM,MM,1019.3,7.5,7,6.9,MM,-1.2,MM
2017,4,20,6,50,60,3,4,0.2,MM,2.5,MM,1019,7.4,7,6.9,MM,MM,MM
2017,4,20,6,40,60,3,3,MM,MM,MM,MM,1019.1,7.5,7,6.9,MM,MM,MM
2017,4,20,6,30,60,2,3,MM,MM,MM,MM,1019.1,7.5,7,7,MM,MM,MM
2017,4,20,6,20,50,2,3,MM,MM,MM,MM,1019.3,7.6,7,7.1,MM,MM,MM
2017,4,20,6,10,30,3,3,MM,MM,MM,MM,1019.4,7.7,7,7.2,MM,MM,MM
2017,4,20,6,0,30,3,3,MM,MM,MM,MM,1019.7,7.8,7,7.3,MM,-0.6,MM
2017,4,20,5,50,30,4,5,0.1,MM,2.4,MM,1019.9,7.9,7,7.3,MM,MM,MM
2017,4,20,5,40,20,4,5,MM,MM,MM,MM,1020,8,7,7.4,MM,MM,MM
2017,4,20,5,30,20,5,6,MM,MM,MM,MM,1019.9,8.2,7,7.5,MM,MM,MM
2017,4,20,5,20,10,4,5,MM,MM,MM,MM,1020.2,8.2,7,7.6,MM,MM,MM
2017,4,20,5,10,10,4,5,MM,MM,MM,MM,1020.3,8.1,7,7.6,MM,MM,MM
2017,4,20,5,0,20,4,5,MM,MM,MM,MM,1020.2,8.1,7,7.7,MM,0.3,MM
2017,4,20,4,50,30,3,4,0.1,MM,2.5,MM,1020,8.1,7,7.7,MM,MM,MM
2017,4,20,4,40,20,3,4,MM,MM,MM,MM,1019.9,8.3,7,7.8,MM,MM,MM
2017,4,20,4,30,10,4,4,MM,MM,MM,MM,1020.2,8.4,7,7.9,MM,MM,MM
2017,4,20,4,20,10,4,5,MM,MM,MM,MM,1020.4,8.5,7,8.1,MM,MM,MM
2017,4,20,4,10,360,5,5,MM,MM,MM,MM,1020.5,8.5,7,8.2,MM,MM,MM
2017,4,20,4,0,350,5,6,MM,MM,MM,MM,1020.5,8.4,7,8.2,MM,1.8,MM
2017,4,20,3,50,360,5,6,0.1,MM,2.6,MM,1020.4,8.5,7,8.4,MM,MM,MM
2017,4,20,3,40,350,4,5,MM,MM,MM,MM,1020.3,8.5,7,8.4,MM,MM,MM
2017,4,20,3,30,360,4,5,MM,MM,MM,MM,1020.3,8.6,7,8.6,MM,MM,MM
2017,4,20,3,20,10,5,6,MM,MM,MM,MM,1020,8.7,7,8.7,MM,MM,MM
2017,4,20,3,10,360,4,6,MM,MM,MM,MM,1020,8.8,7,8.8,MM,MM,MM
2017,4,20,3,0,350,4,5,MM,MM,MM,MM,1020.3,9.1,7,9.1,MM,1.9,MM
2017,4,20,2,50,340,4,4,0.2,MM,2.6,MM,1020.6,9.3,7,9.2,MM,MM,MM
2017,4,20,2,40,330,5,7,MM,MM,MM,MM,1020.7,10.2,7,10.2,MM,MM,MM
2017,4,20,2,30,340,5,7,MM,MM,MM,MM,1020.6,11,7,11,MM,MM,MM
2017,4,20,2,20,270,2,5,MM,MM,MM,MM,1020.2,10,7,10,MM,MM,MM
2017,4,20,2,10,210,2,3,MM,MM,MM,MM,1019.9,10,7,10,MM,MM,MM
2017,4,20,2,0,210,2,3,MM,MM,MM,MM,1019.9,9.4,7,9.4,MM,1.1,MM
2017,4,20,1,50,200,3,3,0.3,3,2.8,271,1019.7,9.5,7,9.3,MM,MM,MM
2017,4,20,1,40,190,3,5,MM,MM,MM,MM,1019.3,11.1,7,11.1,MM,MM,MM
2017,4,20,1,30,190,4,4,MM,MM,MM,MM,1018.9,11.4,7,11.4,MM,MM,MM
2017,4,20,1,20,190,3,4,MM,MM,MM,MM,1019,9.9,7,9.9,MM,MM,MM
2017,4,20,1,10,190,3,4,MM,MM,MM,MM,1018.9,10.1,7,10.1,MM,MM,MM
2017,4,20,1,0,200,2,3,MM,MM,MM,MM,1018.7,9.5,MM,9.4,MM,2.5,MM
2017,4,20,0,50,190,2,3,0.3,3,2.7,266,1018.6,10,7,10,MM,MM,MM
2017,4,20,0,40,200,2,2,0.3,MM,2.7,266,1018.1,9.8,6.9,9.7,MM,MM,MM
2017,4,20,0,30,190,2,3,MM,MM,MM,MM,1018,9.9,7,9.6,MM,MM,MM
2017,4,20,0,20,190,3,4,MM,MM,MM,MM,1017.9,11.3,7,11,MM,MM,MM
2017,4,20,0,10,210,3,4,MM,MM,MM,MM,1018.1,12.5,7,12.3,MM,MM,MM
2017,4,20,0,0,260,2,3,MM,MM,MM,MM,MM,MM,7,MM,MM,MM,MM
2017,4,19,23,50,300,2,3,0.3,3,2.6,257,1018.3,13.1,7,13.1,MM,MM,MM
2017,4,19,23,40,300,3,5,MM,MM,MM,MM,1018.6,12.3,7,12.1,MM,MM,MM
2017,4,19,23,30,290,4,4,MM,MM,MM,MM,1019.1,13.3,7,13.3,MM,MM,MM
2017,4,19,23,20,300,3,4,MM,MM,MM,MM,1019.4,12.5,7,12.4,MM,MM,MM
2017,4,19,23,10,340,6,9,MM,MM,MM,MM,1019.1,12.6,7,12.3,MM,MM,MM
2017,4,19,23,0,330 1,1.0 1,7,MM,MM,MM,MM,1018.8,13.2,7.1,12.4,MM,2.6,MM
2017,4,19,22,50,280 1,3.0 1,7,0.2,MM,2.6,MM,1018.7,14,7.1,12.4,MM,MM,MM
2017,4,19,22,40,240 1,1.0 1,7,MM,MM,MM,MM,1017.5,15.1,7.2,13.8,MM,MM,MM
2017,4,19,22,30,190,4,7,MM,MM,MM,MM,1016.7,13.7,7.2,12.3,MM,MM,MM
2017,4,19,22,20,190,3,4,MM,MM,MM,MM,1016.2,14.6,7.2,12.8,MM,MM,MM
2017,4,19,22,10,200,2,5,MM,MM,MM,MM,1016.2,15.8,MM,13.8,MM,MM,MM
2017,4,19,22,0,230,2,3,MM,MM,MM,MM,1016.1,16.8,7.2,14.6,MM,-0.8,MM
2017,4,19,21,50,220,2,2,0.2,MM,2.8,MM,1016.1,15.7,7.2,14.7,MM,MM,MM
2017,4,19,21,40,170,2,2,MM,MM,MM,MM,1016.1,14.8,7.1,12.9,MM,MM,MM
2017,4,19,21,30,150,3,3,MM,MM,MM,MM,1015.9,14.7,7.2,12.5,MM,MM,MM
2017,4,19,21,20,150,4,4,MM,MM,MM,MM,1015.8,14.9,7.2,12.9,MM,MM,MM
2017,4,19,21,10,150,4,4,MM,MM,MM,MM,1015.7,14.5,7.2,12.2,MM,MM,MM
2017,4,19,21,0,150,3,4,MM,MM,MM,MM,1016,13.7,7.1,11.9,MM,-1.3,MM
2017,4,19,20,50,150,3,4,0.2,MM,2.8,MM,1016,14.3,7.1,12.2,MM,MM,MM
2017,4,19,20,40,140,3,4,MM,MM,MM,MM,1016.1,14.6,7.1,12.5,MM,MM,MM
2017,4,19,20,30,150,4,5,MM,MM,MM,MM,1016.1,14.5,7.1,12.8,MM,MM,MM
2017,4,19,20,20,160,5,6,MM,MM,MM,MM,1016.3,14.7,7.1,13.3,MM,MM,MM
2017,4,19,20,10,210,4,5,MM,MM,MM,MM,1016.1,15.9,7.2,15,MM,MM,MM
2017,4,19,20,0,230,7.0 1,0,MM,MM,MM,MM,1016.2,15.1,7.2,13.9,MM,-1.4,MM
2017,4,19,19,50,230,5,8,0.3,3,2.9,203,1016.6,12.4,7.2,11.6,MM,MM,MM
2017,4,19,19,40,250,2,3,MM,MM,MM,MM,1016.6,11.6,MM,10.3,MM,MM,MM
2017,4,19,19,30,220,2,4,MM,MM,MM,MM,1016.6,11.8,7,10.2,MM,MM,MM
2017,4,19,19,20,210,3,4,MM,MM,MM,MM,1016.8,11.8,7,10.5,MM,MM,MM
2017,4,19,19,10,210,3,4,MM,MM,MM,MM,1017,12,7.1,10.3,MM,MM,MM
2017,4,19,19,0,200,4,5,MM,MM,MM,MM,1016.9,12.3,7.1,10.8,MM,-1.3,MM
2017,4,19,18,50,190,4,5,0.3,3,2.9,211,1016.9,11.9,7.1,10.6,MM,MM,MM
2017,4,19,18,40,190,3,4,MM,MM,MM,MM,1016.9,11.6,7.1,10.2,MM,MM,MM
2017,4,19,18,30,200,3,4,MM,MM,MM,MM,1017.1,11.8,7.1,10.3,MM,MM,MM
2017,4,19,18,20,200,3,4,MM,MM,MM,MM,1017,12,7.1,10.6,MM,MM,MM
2017,4,19,18,10,210,4,4,MM,MM,MM,MM,1017.3,11.9,7,10.6,MM,MM,MM
2017,4,19,18,0,210,4,4,MM,MM,MM,MM,1017.3,11.4,7,10.4,MM,-0.7,MM
2017,4,19,17,50,220,4,4,0.3,3,3,209,1017.5,11.5,6.9,10.3,MM,MM,MM
2017,4,19,17,40,210,4,5,MM,MM,MM,MM,1017.5,12,6.9,10.7,MM,MM,MM
2017,4,19,17,30,200,4,5,MM,MM,MM,MM,1017.4,11.6,6.9,10.3,MM,MM,MM
2017,4,19,17,20,200,5,6,MM,MM,MM,MM,1017.5,12,6.9,10.7,MM,MM,MM
2017,4,19,17,10,200,5,6,MM,MM,MM,MM,1017.6,11.8,6.9,10.6,MM,MM,MM
2017,4,19,17,0,200,5,6,MM,MM,MM,MM,1017.6,11.9,6.9,10.8,MM,-0.5,MM
2017,4,19,16,50,200,6,7,0.3,5,3,57,1017.7,11.9,6.9,11,MM,MM,MM
2017,4,19,16,40,200,6,7,MM,MM,MM,MM,1017.8,11.8,6.9,11,MM,MM,MM
2017,4,19,16,30,200,6,7,MM,MM,MM,MM,1017.9,11.8,6.8,11.1,MM,MM,MM
2017,4,19,16,20,200,6,7,MM,MM,MM,MM,1017.8,11.2,6.8,10.6,MM,MM,MM
2017,4,19,16,10,210,5,6,MM,MM,MM,MM,1018.1,11,6.8,10.4,MM,MM,MM
2017,4,19,16,0,200,5,6,MM,MM,MM,MM,1018.2,11.3,6.8,10.7,MM,0,MM
2017,4,19,15,50,200,5,6,0.4,5,3.1,62,1018.1,11.4,6.8,10.8,MM,MM,MM
2017,4,19,15,40,210,5,6,MM,MM,MM,MM,1018.2,11.3,6.8,10.8,MM,MM,MM
2017,4,19,15,30,210,5,6,MM,MM,MM,MM,1018,11.5,6.8,10.9,MM,MM,MM
2017,4,19,15,20,210,6,6,MM,MM,MM,MM,1018.1,11.5,6.8,10.9,MM,MM,MM
2017,4,19,15,10,200,6,7,MM,MM,MM,MM,1018,11.7,6.7,11,MM,MM,MM
2017,4,19,15,0,200,6,7,MM,MM,MM,MM,1018,11.8,6.7,11,MM,-0.3,MM
2017,4,19,14,50,200,6,7,0.4,5,3.2,62,1017.9,11.7,6.7,11,MM,MM,MM
2017,4,19,14,40,200,6,7,MM,MM,MM,MM,1017.9,11.4,6.7,10.8,MM,MM,MM
2017,4,19,14,30,200,5,6,MM,MM,MM,MM,1018,11.4,6.7,10.8,MM,MM,MM
2017,4,19,14,20,200,6,7,MM,MM,MM,MM,1018.1,11.5,6.7,10.8,MM,MM,MM
2017,4,19,14,10,200,6,7,MM,MM,MM,MM,1018.1,11.4,6.7,10.7,MM,MM,MM
2017,4,19,14,0,200,6,6,MM,MM,MM,MM,1018.1,11.3,6.7,10.6,MM,0,MM
2017,4,19,13,50,200,5,6,0.4,5,3.4,56,1018.2,11.3,6.7,10.6,MM,MM,MM
2017,4,19,13,40,200,6,6,MM,MM,MM,MM,1018.3,11.2,6.7,10.6,MM,MM,MM
2017,4,19,13,30,200,6,7,MM,MM,MM,MM,1018.3,11.4,6.7,10.7,MM,MM,MM
2017,4,19,13,20,200,6,7,MM,MM,MM,MM,1018.3,11.4,MM,10.6,MM,MM,MM
2017,4,19,13,10,200,6,7,MM,MM,MM,MM,1018.1,11.1,6.7,10.3,MM,MM,MM
2017,4,19,13,0,190,6,7,MM,MM,MM,MM,1018.1,10.9,6.7,10.1,MM,0.3,MM
2017,4,19,12,50,200,5,6,0.5,5,3.4,60,1018.2,10.9,6.7,10.1,MM,MM,MM
2017,4,19,12,40,190,5,5,MM,MM,MM,MM,1018.2,10.7,6.7,10,MM,MM,MM
2017,4,19,12,30,190,5,6,MM,MM,MM,MM,1018.2,10.8,6.7,10,MM,MM,MM
2017,4,19,12,20,190,6,6,MM,MM,MM,MM,1018.2,10.8,6.7,9.9,MM,MM,MM
2017,4,19,12,10,190,6,6,MM,MM,MM,MM,1018.4,11.1,6.7,10,MM,MM,MM
2017,4,19,12,0,200,6,7,MM,MM,MM,MM,1018.3,11,6.7,10,MM,0.4,MM
2017,4,19,11,50,190,6,7,0.4,5,3.6,59,1018.3,11,6.7,10,MM,MM,MM
2017,4,19,11,40,190,5,6,MM,MM,MM,MM,1018.2,10.7,6.7,9.7,MM,MM,MM
2017,4,19,11,30,190,5,6,MM,MM,MM,MM,1018.1,10.5,6.7,9.6,MM,MM,MM
2017,4,19,11,20,190,5,6,MM,MM,MM,MM,1018.1,10.3,6.7,9.4,MM,MM,MM
2017,4,19,11,10,190,5,6,MM,MM,MM,MM,1018.1,10.3,6.7,9.3,MM,MM,MM
2017,4,19,11,0,190,5,6,MM,MM,MM,MM,1017.9,10.3,6.7,9.3,MM,0,MM
2017,4,19,10,50,190,5,6,0.5,5,3.7,57,1017.9,10.3,6.7,9.2,MM,MM,MM
2017,4,19,10,40,190,5,6,MM,MM,MM,MM,1017.8,10.3,6.7,9.2,MM,MM,MM
2017,4,19,10,30,180,5,6,MM,MM,MM,MM,1017.9,10.3,6.7,9.2,MM,MM,MM
2017,4,19,10,20,180,5,6,MM,MM,MM,MM,1017.9,10.3,6.7,9.1,MM,MM,MM
2017,4,19,10,10,180,5,6,MM,MM,MM,MM,1017.8,10.4,6.7,9.2,MM,MM,MM
2017,4,19,10,0,180,5,6,MM,MM,MM,MM,1017.8,10.5,6.7,9.3,MM,-0.3,MM
2017,4,19,9,50,180,5,6,0.6,5,4,64,1017.8,10.4,6.7,9.2,MM,MM,MM
2017,4,19,9,40,180,5,5,MM,MM,MM,MM,1017.8,10.4,6.7,9.1,MM,MM,MM
2017,4,19,9,30,180,5,6,MM,MM,MM,MM,1017.9,10.5,6.7,9,MM,MM,MM
2017,4,19,9,20,180,5,6,MM,MM,MM,MM,1017.8,10.5,6.7,9,MM,MM,MM
2017,4,19,9,10,180,5,5,MM,MM,MM,MM,1017.8,10.4,6.7,8.8,MM,MM,MM
2017,4,19,9,0,180,4,6,MM,MM,MM,MM,1017.9,10.6,6.7,8.6,MM,-0.9,MM
2017,4,19,8,50,170,5,6,0.6,5,4.1,64,1017.8,10.6,6.7,8.4,MM,MM,MM
2017,4,19,8,40,170,5,6,MM,MM,MM,MM,1017.8,10.8,6.7,8,MM,MM,MM
2017,4,19,8,30,170,5,6,MM,MM,MM,MM,1017.8,11.1,6.7,7.8,MM,MM,MM
2017,4,19,8,20,170,5,6,MM,MM,MM,MM,1017.8,11.2,6.6,7.2,MM,MM,MM
2017,4,19,8,10,170,5,6,MM,MM,MM,MM,1018,11.3,6.6,6.8,MM,MM,MM
2017,4,19,8,0,170,5,6,MM,MM,MM,MM,1018,11.2,6.6,6.4,MM,-1.4,MM
2017,4,19,7,50,170,5,6,0.7,5,4.2,59,1018.1,11.2,6.6,6.3,MM,MM,MM
2017,4,19,7,40,170,5,6,MM,MM,MM,MM,1018.1,11.1,6.6,6.2,MM,MM,MM
2017,4,19,7,30,170,5,6,MM,MM,MM,MM,1018,11,6.6,6,MM,MM,MM
2017,4,19,7,20,160,5,6,MM,MM,MM,MM,1018,11.1,6.6,5.9,MM,MM,MM
2017,4,19,7,10,160,5,6,MM,MM,MM,MM,1018,11.2,6.6,5.9,MM,MM,MM
2017,4,19,7,0,160,5,6,MM,MM,MM,MM,1018.1,11,6.6,5.8,MM,-2.1,MM
2017,4,19,6,50,160,5,6,0.8,5,4.3,68,1018.2,10.8,6.6,5.8,MM,MM,MM
2017,4,19,6,40,150,4,5,MM,MM,MM,MM,1018.3,10.8,6.6,5.8,MM,MM,MM
2017,4,19,6,30,150,5,5,MM,MM,MM,MM,1018.5,10.7,6.6,5.9,MM,MM,MM
2017,4,19,6,20,150,5,5,MM,MM,MM,MM,1018.5,10.7,6.6,5.8,MM,MM,MM
2017,4,19,6,10,150,5,5,MM,MM,MM,MM,1018.7,11,6.6,5.7,MM,MM,MM
2017,4,19,6,0,140,4,5,MM,MM,MM,MM,1018.8,10.7,6.6,5.7,MM,-1.8,MM
2017,4,19,5,50,140,4,5,0.9,6,4.2,64,1019,10.4,6.6,5.8,MM,MM,MM
2017,4,19,5,40,120,4,5,MM,MM,MM,MM,1019.4,9.9,6.6,6.1,MM,MM,MM
2017,4,19,5,30,130,3,3,MM,MM,MM,MM,1019.4,9.8,6.6,6.3,MM,MM,MM
2017,4,19,5,20,140,3,4,MM,MM,MM,MM,1019.5,9.1,6.6,6.3,MM,MM,MM
2017,4,19,5,10,140,4,6,MM,MM,MM,MM,1019.2,8.9,6.6,6.4,MM,MM,MM
2017,4,19,5,0,120,5,6,MM,MM,MM,MM,1019.4,8.3,6.6,6.4,MM,-1.5,MM
2017,4,19,4,50,110,4,5,0.9,5,4.2,71,1019.6,8.3,6.6,6.3,MM,MM,MM
2017,4,19,4,40,110,4,5,MM,MM,MM,MM,1020.2,8.4,6.6,6.2,MM,MM,MM
2017,4,19,4,30,110,5,5,MM,MM,MM,MM,1020.2,8.3,6.6,6.1,MM,MM,MM
2017,4,19,4,20,110,4,5,MM,MM,MM,MM,1020.4,8.1,6.6,6,MM,MM,MM
2017,4,19,4,10,110,5,6,MM,MM,MM,MM,1020.3,8,6.6,5.9,MM,MM,MM
2017,4,19,4,0,110,5,7,MM,MM,MM,MM,1020.2,7.9,6.6,5.7,MM,-0.3,MM
2017,4,19,3,50,100,5,6,1,6,4.2,75,1020.3,7.9,6.6,5.6,MM,MM,MM
2017,4,19,3,40,100,6,7,1,MM,4.2,75,1020.4,7.9,6.6,5.5,MM,MM,MM
2017,4,19,3,30,100,6,7,MM,MM,MM,MM,1020.5,7.9,6.6,5.5,MM,MM,MM
2017,4,19,3,20,90,6,7,MM,MM,MM,MM,1020.5,7.9,6.6,5.4,MM,MM,MM
2017,4,19,3,10,90,6,7,MM,MM,MM,MM,1020.6,7.8,6.6,5.3,MM,MM,MM
2017,4,19,3,0,90,6,7,MM,MM,MM,MM,1020.6,7.7,6.6,5.2,MM,-0.8,MM
2017,4,19,2,50,90,6,7,1.1,6,4.2,74,1020.8,7.7,6.6,5.2,MM,MM,MM
2017,4,19,2,40,90,6,7,1.1,MM,4.2,74,1020.9,7.7,6.6,5.2,MM,MM,MM
2017,4,19,2,30,90,6,7,MM,MM,MM,MM,1021,7.7,6.6,5.1,MM,MM,MM
2017,4,19,2,20,90,6,7,MM,MM,MM,MM,1020.9,7.6,6.6,5,MM,MM,MM
2017,4,19,2,10,90,7,8,MM,MM,MM,MM,1020.9,7.7,6.6,4.8,MM,MM,MM
2017,4,19,2,0,90,7,8,MM,MM,MM,MM,1020.9,7.7,6.6,4.7,MM,-0.9,MM
2017,4,19,1,50,80,7,8,1.2,6,4.3,81,1020.8,7.8,6.6,4.6,MM,MM,MM
2017,4,19,1,40,80,7,8,MM,MM,MM,MM,1020.9,7.9,6.6,4.6,MM,MM,MM
2017,4,19,1,30,80,7,9,MM,MM,MM,MM,1020.9,8.1,6.6,4.4,MM,MM,MM
2017,4,19,1,20,80,8,9,MM,MM,MM,MM,1020.8,8.4,6.6,4.4,MM,MM,MM
2017,4,19,1,10,90,8.0 1,0,MM,MM,MM,MM,1020.4,8.5,6.6,4.2,MM,MM,MM
2017,4,19,1,0,80,8.0 1,0,MM,MM,MM,MM,1020.5,8.3,6.6,4,MM,-2.5,MM
2017,4,19,0,50,80,8,9,1.2,6,4.3,73,1020.7,8.2,6.6,4.1,MM,MM,MM
2017,4,19,0,40,80,8,9,MM,MM,MM,MM,1020.9,8,6.6,4.2,MM,MM,MM
2017,4,19,0,30,80,8,9,MM,MM,MM,MM,1021.2,7.9,6.6,4.1,MM,MM,MM
2017,4,19,0,20,80,8.0 1,0,MM,MM,MM,MM,1021.3,7.9,6.6,4.2,MM,MM,MM
2017,4,19,0,10,80,7,9,MM,MM,MM,MM,1021.4,7.8,6.6,4.2,MM,MM,MM
2017,4,19,0,0,80,7,9,MM,MM,MM,MM,1021.4,7.6,6.6,4.2,MM,-2.1,MM
2017,4,18,23,50,80,7,9,1.1,5,4.2,71,1021.5,7.5,6.6,4.2,MM,MM,MM
2017,4,18,23,40,80,8,9,1.1,MM,4.2,71,1021.4,7.4,6.6,4.2,MM,MM,MM
2017,4,18,23,30,80,8,9,MM,MM,MM,MM,1021.1,7.4,6.6,4.3,MM,MM,MM
2017,4,18,23,20,90,7,9,MM,MM,MM,MM,1021.5,7.3,6.6,4.3,MM,MM,MM
2017,4,18,23,10,90,8,9,MM,MM,MM,MM,1021.6,7.2,6.6,4.2,MM,MM,MM
2017,4,18,23,0,90,8,9,MM,MM,MM,MM,1021.8,7.1,6.6,4.2,MM,-3.2,MM
2017,4,18,22,50,90,8.0 1,0,1.2,5,4.3,72,1021.8,7,6.6,4.1,MM,MM,MM
2017,4,18,22,40,90,9.0 1,0,MM,MM,MM,MM,1021.8,7,6.6,4.1,MM,MM,MM
2017,4,18,22,30,90,8.0 1,0,MM,MM,MM,MM,1022.1,7,6.6,4.2,MM,MM,MM
2017,4,18,22,20,90,8.0 1,0,MM,MM,MM,MM,1022.5,6.9,6.6,4.2,MM,MM,MM
2017,4,18,22,10,90,8,9,MM,MM,MM,MM,1022.8,6.9,6.6,4.3,MM,MM,MM
